species_original	strain	protein_accession	dna_accession	linkage	serotype	serotype_edited	seq	pubmed	ISSN	comment	genbank_taxon	CSDB_record_ID_forced	WzyE	CPS	kingdom	phylum	class	order	family	genus	species	CSDB_record_ID	CSDB_Linear	glycoct	CSDB_nonpersistent_article_ID	doi	pmid	NCBI_TaxID	annotated	length	csdb_image_path
Salmonella enterica		ACF61556.1	CP001113.1		Newport	ssp. enterica sv. Newport	MSLMQFSGLLVVWLLSTLFIATLTWFEFRRVRFNFNVFFSLLFLLTFFFGFPLTSVLVFRFDVGVAPPEILLQALLSAACFYGVYYVTYKTRLRKRVVDVPRKPLFTMNRVETHLTWVILMGIALVSVAIFFMHNGFLLFRLHSYSQIFSSEVSGVALKRFFYFFIPAMLVVYFLRQDSKAWLFFLVSTVAFGLLTYMIVGGTRANIIIAFAIFLFIGIIRGWISLWMLAAAGVLGIVGMFWLALKRYGLNVSGDEAFYTFLYLTRDTFSPWENLALLLQNYHNIEFQGLAPIVRDFYVFIPTWLWPGRPSIVLNSANYFTWEVLNNHSGLAISPTLIGSLVVMGGALFIPLGAIVVGMIIKWFDWLYELGNREPNRYKAAILHSFCFGAIFNMIVLAREGLDSFVSRVVFFLVVFGASLLVAKLLFWLFDSAGLIHKRTTSLPQAQVEGKL	23874940			423368	no_sugar	1	0	NA	Proteobacteria	Gammaproteobacteria	Enterobacterales	Enterobacteriaceae	Salmonella	Salmonella enterica								1	452
Salmonella enterica		ACF69242.1	CP001120.1		Heidelberg	Heidelberg	MSLMQFSGLLVVWLLSTLFIATLTWFEFRRVRFNFNVFFSLLFLLTFFFGFPLTSVLVFRFDVGVAPPEILLQALLSAACFYGVYYVTYKTRLRKRVVDVPRKPLFTMNRVETHLTWVILMGIALVSVAIFFMHNGFLLFRLHSYSQIFSSEVSGVALKRFFYFFIPAMLVVYFLRQDSKAWLFFLVSTVAFGLLTYMIVGGTRANIIIAFAIFLFIGIIRGWISLWMLAAAGVLGIVGMFWLALKRYGLNVSGDEAFYTFLYLTRDTFSPWENLALLLQNYHNIDFQGLAPIVRDFYVFIPTWLWPGRPSIVLNSANYFTWEVLNNHSGLAISPTLIGSLVVMGGALFIPLGAIVVGLIIKWFDWLYELGNREPNRYKAAILHSFCFGAIFNMIVLAREGLDSFVSRVVFFLVVFGASLLVAKLLFWLFDSAGLIHKRTTSLPQAQVEGKL	23874940			454169	no_sugar	1	0	NA	Proteobacteria	Gammaproteobacteria	Enterobacterales	Enterobacteriaceae	Salmonella	Salmonella enterica								1	452
Salmonella enterica		WP_000055605.1	NZ_ABAK02000001.1		Kentucky	ssp. enterica sv. Kentucky O8 98/39	MSLMQFSGLLVVWLLSTLFIATLTWFEFRRVRFNFNVFFSLLFLLTFFFGFPLTSVLVFRFDVGVAPPEILLQALLSAACFYGVYYVTYKTRLRKRVVDVPRKPLFTMNRVETHLTWVILMGIALVSVAIFFMHNGFLLFRLHSYSQIFSSEVSGVALKRFFYFFIPAMLVVYFLRQDSKAWLFFLVSTVAFGLLTYMIVGGTRANIIIAFAIFLFIGIIRGWISLWMLAAAGVLGIVGMFWLALKRYGLNVSGDEAFYTFLYLTRDTFSPWENLALLLQNYHNIDFQGLAPIVRDFYVFIPTWLWPGRPSIVLNSANYFTWEVLNNHSGLAISPTLIGSLVVMGGALFIPLGAIVVGLIIKWFDWLYELGNREPNRYKAAILHSFCFGAIFNMIVLAREGLDSFVSRVVFFLVVFGASLLVAKLLFWLFDSAGLIHKRTTSLPQAQVEGKL	23874940			590	no_sugar	1	0	NA	Proteobacteria	Gammaproteobacteria	Enterobacterales	Enterobacteriaceae	Salmonella	NA								1	452
Salmonella enterica		ACF89798.1	CP001127.1		Schwarzengrund	Schwarzengrund	MSLMQFSGLLVVWLLSTLFIATLTWFEFRRVRFNFNVFFSLLFLLTFFFGFPLTSVLVFRFDVGVAPPEILLQALLSAACFYGVYYVTYKTRLRKRVVDVPRKPLFTMNRVETHLTWVILMGIALVSVAIFFMHNGFLLFRLHSYSQIFSSEVSGVALKRFFYFFIPAMLVVYFLRQDSKAWLFFLVSTVAFGLLTYMIVGGTRANIIIAFAIFLFIGIIRGWISLWMLAAAGVLGIVGMFWLALKRYGLNVSGDEAFYTFLYLTRDTFSPWENLALLLQNYHNIDFQGLAPIVRDFYVFIPTWLWPGRPSIVLNSANYFTWEVLNNHSGLAISPTLIGSLVVMGGALFIPLGAIVVGLIIKWFDWLYELGNREPNRYKAAILHSFCFGAIFNMIVLAREGLDSFVSRVVFFLVVFGASLLVAKLLFWLFDSAGLIHKRTTSLPQAQVEGKL	23874940			439843	no_sugar	1	0	NA	Proteobacteria	Gammaproteobacteria	Enterobacterales	Enterobacteriaceae	Salmonella	Salmonella enterica								1	452
Salmonella enterica		ACH73921.1	CP001144.1		Dublin	Dublin	MSLMQFSGLLVVWLLSTLFIATLTWFEFRRVRFNFNVFFSLLFLLTFFFGFPLTSVLVFRFDVGVAPPEILLQALLSAACFYGVYYVTYKTRLRKRVVDVPRKPLFTMNRVETHLTWVILMGIALVSVAIFFMHNGFLLFRLHSYSQIFSSEVSGVALKRFFYFFIPAMLVVYFLRQDSKAWLFFLVSTVAFGLLTYMIVGGTRANIIIAFAIFLFIGIIRGWISLWMLAAAGVLGIVGMFWLALKRYGLNVSGDEAFYTFLYLTRDTFSPWENLALLLQNYHNIDFQGLAPIVRDFYVFIPTWLWPGRPSIVLNSANYFTWEVLNNHSGLAISPTLIGSLVVMGGALFIPLGAIVVGLIIKWFDWLYELGNREPNRYKAAILHSFCFGAIFNMIVLAREGLDSFVSRVVFFLVVFGASLLVAKLLFWLFDSAGLIHKRTTSLPQAQVEGKL	23874940			439851	no_sugar	1	0	NA	Proteobacteria	Gammaproteobacteria	Enterobacterales	Enterobacteriaceae	Salmonella	Salmonella enterica								1	452
Salmonella enterica		ACH50550.1	CP001138.1		Agona	Agona	MSLMQFSGLLVVWLLSTLFIATLTWFEFRRVRFNFNVFFSLLFLLTFFFGFPLTSVLVFRFDVGVAPPEILLQALLSAACFYGVYYVTYKTRLRKRVVDVPRKPLFTMNRVETHLTWVILMGIALVSVAIFFMHNGFLLFRLHSYSQIFSSEVSGVALKRFFYFFIPAMLVVYFLRQDSKAWLFFLVSTVAFGLLTYMIVGGTRANIIIAFAIFLFIGIIRGWISLWMLVAAGVLGIVGMFWLALKRYGLNVSGDEAFYTFLYLTRDTFSPWENLALLLQNYHNIDFQGLAPIVRDFYVFIPTWLWPGRPSIVLNSANYFTWEVLNNHSGLAISPTLIGSLVVMGGALFIPLGAIVVGLIIKWFDWLYELGNREPNRYKAAILHSFCFGAIFNMIVLAREGLDSFVSRVVFFLVVFGASLLVAKLLFWLFDSAGLIHKRTTSLPQAQVEGKL	23874940			439851	no_sugar	1	0	NA	Proteobacteria	Gammaproteobacteria	Enterobacterales	Enterobacteriaceae	Salmonella	Salmonella enterica								1	452
Escherichia coli		CAS11643.1	FM180568.1		O127	O127	MSLLQFSGLFVVWLLCTLFIATLTWFEFRRVRFNFNVFFSLLFLLTFFFGFPLTSVLVFRFDVGVAPPEILLQALLSAGCFYAVYYVTYKTRLRKRVADAPRRPLFTMNRVETNLTWVILMGIALVSVGIFFMHNGFLLFRLNSYSQIFSSEVSGVALKRFFYFFIPAMLVVYFLRQDSKAWLFFLVSTVAFGLLTYMIVGGTRANIIIAFAIFLFIGIIRGWISLWMLAAAGVLGIVGMFWLALKRYGMNVSGDEAFYTFLYLTRDTFSPWENLALLLQNYDNIDFQGLAPIVRDFYVFIPSWLWPGRPSMVLNSANYFTWEVLNNHSGLAISPTLIGSLVVMGGALFIPLGAIVVGLIIKWFDWLYELGNRETNRYKAAILHSFCFGAIFNMIVLAREGLDSFVSRVVFFIVVFGACLMIAKLLYWLFESAGLIHKRTKSSLRTQVEG	25972421			574521	no_sugar	1	0	NA	Proteobacteria	Gammaproteobacteria	Enterobacterales	Enterobacteriaceae	Escherichia	Escherichia coli								1	450
Escherichia coli		CAR10598.2	CU928162.2		O81	O81	MSLLQFSGLFVVWLLCTLFIATLTWFEFRRVRFNFNVFFSLLFLLTFFFGFPLTSVLVFRFDVGVAPPEILLQALLSAGCFYAVYYVTYKTRLRKRVADAPRRPLFTMNRVETNLTWVILMGIALVSVGIFFMHNGFLLFRLNSYSQIFSSEVSGVALKRFFYFFIPAMLVVYFLRQDSKAWLFFLVSTVAFGLLTYMIVGGTRANIIIAFAIFLFIGIIRGWISLWMLAAAGVLGIVGMFWLALKRYGMNVSGDEAFYTFLYLTRDTFSPWENLALLLQNYDNIDFQGLAPIVRDFYVFIPSWLWPGRPSMVLNSANYFTWEVLNNHSGLAISPTLIGSLVVMGGALFIPLGAIVVGLIIKWFDWLYELGNRETNRYKAAILHSFCFGAIFNMIVLAREGLDSFVSRVVFFIVVFGACLMIAKLLYWLFESAGLIHKRTKSSLRTQVEG	25972421			562	no_sugar	1	0	NA	Proteobacteria	Gammaproteobacteria	Enterobacterales	Enterobacteriaceae	Escherichia	Escherichia coli								1	450
Escherichia coli		BAI33073.1	AP010958.1		O103	O103	MSLLQFSGLFVVWLLCTLFIATLTWFEFRRVRFNFNVFFSLLFLLTFFFGFPLTSVLVFRFDVGVAPPEILLQALLSAGCFYAVYYVTYKTRLRKRVADVPRRPLFTMNRVETNLTWVILMGIALVSVGIFFMHNGFLLFRLNSYSQIFSSEVSGVALKRFFYFFIPAMLVVYFLRQDSKAWLFFLVSTVAFGLLTYMIVGGTRANIIIAFAIFLFIGIIRGWISLWMLAAAGVLGIVGMFWLALKRYGMNVSGDEAFYTFLYLTRDTFSPWENLALLLQNYDNIDFQGLAPIVRDFYVFIPSWLWPGRPSMVLNSANYFTWEVLNNHSGLAISPTLIGSLVVMGGALFIPLGAIVVGLIIKWFDWLYELGNRETNRYKAVILHSFCFGAIFNMIVLAREGLDSFVSRVVFFIVVFGACLMIAKLLYWLFESAGLIHKRTKSSLRTQVEG	25972421			585395	no_sugar	1	0	NA	Proteobacteria	Gammaproteobacteria	Enterobacterales	Enterobacteriaceae	Escherichia	Escherichia coli								1	450
Escherichia coli		ADT77417.1	CP002185.1		O6	O6	MSLLQFSGLFVVWLLCTLFIATLTWFEFRRVRFNFNVFFSLLFLLTFFFGFPLTSVLVFRFDVGVAPPEILLQALLSAGCFYAVYYVTYKTRLRKRVADVPRRPLFTMNRVETNLTWVILMGIALVSVGIFFMHNGFLLFRLNSYSQIFSSEVSGVALKRFFYFFIPAMLVVYFLRQDSKAWLFFLVSTVAFGLLTYMIVGGTRANIIIAFAIFLFIGIIRGWISLWMLAAAGVLGIVGMFWLALKRYGMNVSGDEAFYTFLYLTRDTFSPWENLALLLQNYDNIDFQGLAPIVRDFYVFIPSWLWPGRPSMVLNSANYFTWEVLNNHSGLAISPTLIGSLVVMGGALFIPLGAIVVGLIIKWFDWLYELGNRETNRYKAAILHSFCFGAIFNMIVLAREGLDSFVSRVVFFIVVFGACLMIAKLLYWLFESAGLIHKRTKSSLRTQVEG	25972421			566546	no_sugar	1	0	NA	Proteobacteria	Gammaproteobacteria	Enterobacterales	Enterobacteriaceae	Escherichia	Escherichia coli								1	450