	protein_accession	org	taxid	name	seq
23954	MBQ4104639.1	Clostridia bacterium	2044939	O-antigen ligase family protein [Clostridia bacterium]	MEHSLKVKFSRKGVFLYLILAPFFLPRGFLEYIDSYKTFVNLWLLISCIVISFLFVIKALAQKLLIKKSVFFMLLYYSVFLIETVRSQGTIISGYQKLIVTPLFGLFFVVFLQEYKKEIVNAISNFLIMLFVLNLTIFNPVFWPDYFSFSMVSFIGHIQLVSQISLFGCYIAVLKNREKTKYSAVFLVVLSLITLFLSKASLGYIVIFMLIISFLCYKTKFLRSIFMQKTQIYILAYSILNVIMFWYSNNLKHFLWLNKYIDYSFSGRTFIWQEAIELIKQQPWFGYGAYGVNIVMFWHEWLNAGLGMNYAHNEILQRLLDGGIILLICFILFLWFYGKNVNNLKDDKVKYFSNSCYMIFLLIMVSESVTEYYYFIAFLSIVCCLSNDDESKGRIIKIR
26689	WP_044812585.1	Streptococcus pneumoniae	1313	O-antigen ligase family protein [Streptococcus pneumoniae]	MRISPSKLIFAFFSSFYILVILFPRGIFLGHSTLASRLWIIYKESLYLSILLGSIYVILKILSRNIAIHQHAFFILQYYFIVMILTFMLSGSIGDGVQSIFYPIFIYLFFNEVRDKKSIVLIFDIFLYILTALFVINTIDIFLNFTNIFHVTFLGHVQVISQYSILGFLVSAYYLLEEKRNILVAQLLLILTIINCFFSDVSLSKAIALFMIIYIISYKLKKLFWKRGRKISVITFIASVVMLALVIFGYFLPYLRYFDFTFNGRYQIWRIVYATILQVKWFGYGVFGFQFKLPWQELGEIGINYTHNQILQLALDSGIVGIISFFTMIFYMIFSTKNIQNPAIGSLFIFAYFCLFIIMFIESVTYYPYYFIIIVLQTLYLKLERERNVK
26695	WP_054382955.1	Streptococcus pneumoniae	1313	O-antigen ligase family protein [Streptococcus pneumoniae]	MRISPSKLIFAFFSSFYILVILFPRGIFLGHSTLASRLWIIYNGSLYLSILLGLIYVILKILSRNIAIHQHAFFILQYYFIVMILTFMVSGSIGVGLQSIFYPIFIYLFFNEVRDKKSIVLIFDIFLYILTPLFVINTIDVFLNFTNIFHITFLGHVQVISQYSVIGFLVSAYYLLEEKRNILVAQLLLILTIINCFFSDVSLSKVIALFMIVYIISYKLRKLFWKRGRKISVVTFIASVVMLALVIFGYFLPYLRYFDFTFNGRYQIWRIVYATILQVKWFGYGLFGFQFKLPWQKLGEVGINYTHNQVLQLALDSGIVGIISFFTMIFYMIFSTKNIQNSTISSLFIFAYFCLFIIMFIESVTYYPYYFIIIVLQTLYLKLERERNVK
26705	WP_050076590.1	Streptococcus pneumoniae	1313	O-antigen ligase family protein [Streptococcus pneumoniae]	MKISLSKVFFLQFCALYIFTILYPRGITLTYSPSADFFTLIYKFCLYFTIAASIIYIFIKILYQRLHLASYTFFILQYYIVSIVITLLLTGTIDSGLQSVFYPICIYLFFNEIQDRVLIIKISDIFLYCLTLLFFINILDLMMNFTNIYHITFLGHVQVISQFGIIAFFISSYYLMIGNRNRKIAFLLQILTVLNCLYADVFLSKVIAIFMIIYALSFNIKRVFWKRGILISFLTFIITILLLFIDIQGYLIRYLQYFDFTFNGRYQIWRIAYQKFLDSKIYGYGVFSFHFNLPWQDSGAKGINYAHNQLMQLAIDNGVIGIVSFFIMIFYMIFLTRKIRNFRVASLFLFSYFCLFIVMFIESVTYYPYYFIILIFQILYERLEQVGEC
26706	CAI33149.1	Streptococcus pneumoniae	1313	oligosaccharide repeat unit polymerase Wzy [Streptococcus pneumoniae]	MKISLSKVFFLQFCALYIFTILYPRGITLTYSPSADFFTLIYKFCLYFTIAASIIYIFIKILYQRLHLASYTFFILQYYIVSIVITLLLTGTIDSGLQSVFYPICIYLFFNEIQDRVLIIKISDIFLYCLTLLFFINILDLMMNFTNIYHITFLGHVQVISQFGIIAFFISSYYLMIGNRNRKIAFLLQILTVLNCLYADVFLSKVIAIFMIIYALSFNIKRVFWKRGILISFLTFIITILLLFIDIQGYLIRYLQYFDFTFNGRYQIWRIAYQKFLDSKIYGYGVFSFHFNLPWQDSGAKGINYAHNQLMQLAIDNGVIGIVSFFIMIFYMIFLTRKIRNFRVASLFLFSYFCLFIVMFIESVTYYPYYFIILIFQILYERLEQVGEC
26707	CAI33169.1	Streptococcus pneumoniae	1313	oligosaccharide repeat unit polymerase Wzy [Streptococcus pneumoniae]	MKISLSKVFFLQFCALYIFTILYPRGITLTYSPSADFFTLIYKFCLYFTIAASIIYIFIKILYQRLHLASYTFFILQYYIVSIVITLLLTGTIDSGLQSVFYPICIYLFFNEIQDRVLIIKISDIFLYCLTLLFFINILDLMMNFTNIYHITFLGHVQVISQFGIIAFFISSYYLMIGNRNRKIAFLLQILTVLNCLYADVFLSKVIAIFMIIYALSFNIKRVFWKRGILISFLTFIITILLLFIDIQGYLIRYLQYFDFTFNGRYQIWRIAYQKFLDSKIYGYGVFSFHFNLPWQDSGAKGINYAHNQLMQLAIDNGVIGIVSFFIMIFYMIFLTRKIRNFRVASLFLFSYFCLFIVMFIESVTYYPYYFIILIFQILYERLEQVGEC
26713	WP_172578025.1	Ligilactobacillus agilis	1601	O-antigen ligase family protein [Ligilactobacillus agilis]	MTKDYENTKRYTILLFEIIIFMFLFPYGYVTYSIQYKEIRNYILLIAMFIAFGVVIYDVLKKPVYIKKSIVYLSIYQLLLIFTALYNKGGIGDGLQRIFVFPALLIFVAINLRRRPKQLILAFTDVMLVQFLLSLFVFNQHFFPQYFAIDNHIAFLGHVQMYSEYGILGVFVGYLSIRLSHKNKGLFLICLSILNMLYSATVASYMSVGVLAFFLLIYKAKCLKDIISKNVYLISCLLLVVNFCLLKISLISNSFTRWLSIVTNSRVSIWADGVNLFEQKKLLGYGIYGAHIKPYWLAWATVISDRQGFSYAHNTVLQLILDGGIVLLIAFLVCVFYVIKEITMIKDENIRYITSIVFIIYLMIGIFESLTEYVYFFVFLVFSSYMYNIFNNKDEVGSSVGDRNENQNIYK
26715	NFE74564.1	Clostridium botulinum	1491	O-antigen ligase family protein [Clostridium botulinum]	MNKFQSIRVKKYNTNNVNTSKIILKRILLYIVIIPYLYPRGFSECFQGYKKFFTAWMYLSVCMGFIYILLCFFKNKIKFQKILVFILIYYAICILITIYNLNGLGSGLQKMFAAPILCLFYVIWIQQDSYSILTVTSNIMIIEFLLDLIVFNPSKMMQITGIFHLNFLGHVQVYSEYGLIALYIAYILFVRFKKNKVKPILLSVLSVLCMINSETDASKICLIIIIIILFLSMFKGIKKLFLLDSKIYVIVLTMISVIIVFLKIQYVFLNTDLGVDLTFSGRTFIWNNALELISSNTILGYGIQGAHITTFWGGNMNYAHNQFLQNLLDGGIVLCISFYAMILTYVSEIKKIKKDNVIFFSNVILICYMFLMIFESVSEYFYIIIFLSIVVCIGKIFNYDEKCKILNS
26719	WP_077868875.1	Clostridium beijerinckii	1520	O-antigen ligase family protein [Clostridium beijerinckii]	MVGNKYSIRIVLKNIWLYFIFIPFLYPRGFSEINEGYKLFFTIWIWIAVLLILSQFFLRCIKEGCKFNNKKFMISLYFLLAIIITWVKRGTIGSGLQQMIAAPALCIFFSMNFEEDGIKIINSIVNILFVNFIINLVAFRSIFFAYEHIVFLGHVQTISQFGTLALYFGSLQFLLDKNRRIKAVFFIIISLITMFTGDADSARVAAIIMIVVGMMYKFKIYHLLWFKSKWYVFAFWGLSVFIVYTVSGNNIFVNIIDNSTFSGRNFVWKNALELFCNSPYFGYGIDGALITTFWSTGMNYAHNQIVQNLIDGGVVLCISFWIMMIEFSSYIDRIQLKKYKVLANGTLITFLAIMITDSTTLYCYMFLFLSSLFGLYRLVD
26724	WP_058301362.1	Gorillibacterium timonense	1689269	O-antigen ligase family protein [Gorillibacterium timonense]	MKNNRPATKYGFIDILSYFILIPFLYPRGFAEISTTYKLFFTIWLWAAVAIIWIQYLLYANIMRSKINRRGFALTLYFVLSILLTIIIRGNLSSGLQQMLAAPSLCVFIIYNFDKYWHKILGALLNIFIMLLFLNGVVFKGYFVEYTHVIFLGHVQVVSQIGMVAIFVALLNYMLIKRRKFKSVLLLIMSILTMFSTDATSAVLVSIILIVIGIVYKWRLYHIFCLKSKWYVVFGFLMSISVIYIATVNNNYSVFISDPTFSGRRFVWLNAISHITSRPIFGFGIDGVLITTFWTQWSGGGFNYAHNQIIQNLLDGGIVLCAAFWTMMFTYASYIDNLKHLRYKVLSNAILIVLLIVMIFDSTTLYCYMFIFLAILVKLPNIENDRS
26727	WP_147569626.1	Collinsella ihumii	1720204	O-antigen ligase family protein [Collinsella ihumii]	MDKILNHLTSRSVSQDDFRLISNRRATHTTKISQVTVFHISIYLILIPFLYPKGLDQLVPLSKQFFTAWLYLAMLIMLCFLAKHLMNITIQITVRSIFVVLFFMSSILITLYDQQGFAEGLQALFAWPLLCLWLTFAFAKDHKSILNAIINIMIILFLFQNIFTYLDVYRGQQTACFFGHIQVVAQEAIIAFLAVSLYSSHLPKKSCKRIILLVALVVLALWSVDTDSSKVVLILFFIALILNKNKKVKLMIGNSAPMLAAVLIIASLLVVDLSVRNSTLFGFDWGFNGRDYVWREAIGLIQEEPVLGYGVQGVQMTLFWGGIMNYAHNQLMQTLLDGGIVLLILFITMIITYAVQIRIITDLHARYWITCALTVYLILMIFDSATYYCYLYLLLPLSDYYAINQQKTTAG
26731	WP_109214776.1	Eubacterium ramulus	39490	O-antigen ligase family protein [Eubacterium ramulus]	MTAKVREINIHNIIGYFILIPFLNPRGFYDAVPFYKPFMTAWVYLALLLIIFEMCLQYRGNLIHMEKRAEIAIFSYFVAVILITLTAQGGLHEGLQNMIATPFLCVYAILCLRNDPKHFIKMISNILIVLFLLNLTIFNPYIMQYKIAEYHIIFLGHVQVAAQFGVLGILCGALEFRSRKKTALLLELLSILTMLTSNAASAILTVVLLVVFIVLVIFKVYGIFCKGIPIYIVLYTIFSAILVMVNVRLPGFVISMLNSRQSIWAVALQHIKEAPVIGYGVQGVTLELYWGGKFNYAHSQFAQNLLDGGIVLSILFFVMFVAVAFCVRKTENKILRSIGTLTMIAFMCVALFDSISFYPYFMLTLMILLYLPDISKIQSRT
26733	WP_118702688.1	Eubacteriales	186802	MULTISPECIES: O-antigen ligase family protein [Eubacteriales]	MTAKVREINIHNIIGYFILIPFLNPRGFYDVVPFYKPFMTAWVYLALLLIIFEMCLQYRGNLIHMEKRAEIAIFSYFAAVILITLTAQGGLHEGLQNMIATPFLCVYAILCLRNDPKHFIKMISNILIVLFLLNLTIFNPYIMQYKIAEYHIIFLGHIQVAAQFGVLGILCGALAFRSRKKTALLLELLSILTMLTSNAASAILIVVLLVVFIVLVIFKVYGIFCKGIPIYIVLYTIFSAILVMVNVRLPGFVISMLNSRQSIWAVALQHIKEAPVIGYGVQGVTLELYWGGKFNYAHSQFAQNLLDGGIVLSILFFVMFVAVAFCVRKTENKILRSIGTLTMIAFMCVALFDSVSFYPYFMLTLMILLYLPDISKIQSRT
