species_original	strain	protein_accession	dna_accession	serotype	serotype_edited	seq	pubmed	genbank_taxon	CSDB_record_ID_forced	corrected_sugar_string
Salmonella enterica		AAO71288.1	AE014613.1	Typhi	Typhi	MLTTSLTLNKEKWKPIWNKALVFLFVATYFLDGITRYKHLIIILMVITAIYQVSRSPKSFPPLFKNSVFYSAAVLSLILVYSILISPDMKESFKEFENTVLEGFLLYTLLIPVLLKDETKETIAKIVLFSFLTSLGLRCLAESILYIEDYNKGIMPFISYAHRHMSDSMVFLFPALLNIWLFRKNSIKLVFLVLSAIYLFFILGTLSRGGWLAVLIVGVLWAILNRQWKLIGVGAILLAIIGALVITQHTNKPDPEHLLYKLQQTDSSYRYTNGTQGTAWILIQENPIKGYGYGNDVYDSVYNKRVVDYPTWTFKESIGPHNTILYIWFSAGILGLASLAYLYGAIIRETASSTFRKVEISPYNAHLLLFLSFVGFYIVRGNFEQVDIAQIGIITGFLLALRNR	23874940	209261		
Salmonella enterica		AAV79366.1	CP000026.1	Paratyphi A	Paratyphi A	MLTTSLTLNKEKWKPIWNKALVFLFVATYFLDGITRYKHLIIILMVITAIYQVSRSPKSFPPLFKNSVFYSVAVLSLILVYSILISPDMKESFKEFENTVLEGFLLYTLLIPVLLKDETKETVAKIVLFSFLTSLGLRCLAESILYIEDYNKGIMPFISYAHRHMSDSMVFLFPALLNIWLFRKNAIKLVFLVLSAIYLFFILGTLSRGAWLAVLIVGVLWAILNRQWKLIGIGAILLAIIGALVITQHNNKPDPEHLLYKLQQTDSSYRYTNGTQGTAWILIQENPIKGYGYGNDVYDGVYNKRVVDYPTWTFKESIGPHNTILYIWFSAGILGLASLAYLYGAIIRETASSTFRKVEISPYNAHLLLFLSFVGFYIVRGNFEQVDIAQIGIITGFLLALRNR	23874940	295319		
Salmonella enterica		ACF62503.1	CP001113.1	Newport	ssp. enterica sv. Newport	MLTTSLTLNKEKWKPIWNKALVFLFVATYFLDGITRYKHLIIILMVITAIYQVSRSPKSFPPLFKNSIFYSVAVLSLILVYSILISPDMKESFKEFENTVLEGFLLYTLLIPVLLKDETKETVAKVVLFSFLTSLGLRCLAESILYIEDYNKGIMPFMSYAHRHMSDSMVFLFPALLNIWLFRKNALKLVFLVLSAIYLFFILGTLSRGAWLAVLIVGALWAILNRQWKLIGVGAILLAIIGALVITQHNNQSDSEHLLYKLQQTDSSSRYTNGTQGTAWILIQENPIKGYGYGNDVYDGVYNKRVVDYPTWTFKESIGPHNTILYIWFSAGILGLASLAYLYGAIIRETASSTFRKVEISPYNAHLLLFLSFVGFYIVRGNFEQVDIAQTGIITGFLLALRNR	23874940	423368		
Salmonella enterica		ACF69468.1	CP001120.1	Heidelberg	Heidelberg	MLTTSLTLNKEKWKPIWNKALVFLFVATYFLDGITRYKHLIIILMVITAIYQVSRSPKSFPPLFKNSVFYSVAVLSLILVYSILISPDMKESFKEFENTVLEGFLLYTLLIPVLLKDETKETVAKIVLFSFLTSLGLRCLAESILYIEDYNKGIMPFISYAHRHMSDSMVFLFPALLNIWLFRKNAIKLVFLVLSAIYLFFILGTLSRGAWLAVLIVGVLWAILNRQWKLIGVGAILLAIIGALVITQHNNKPDPEHLLYKLQQTDSSYRYTNGTQGTAWILIQENPIKGYGYGNDVYDGVYNKRVVDYPTWTFKESIGPHNTILYIWFSAGILGLASLVYLYGAIIRETASSTLRKVEISPYNAHLLLFLSFVGFYIVRGNFEQVDIAQIGIITGFLLALRNR	23874940	454169		
Salmonella enterica		ACF92659.1	CP001127.1	Schwarzengrund	Schwarzengrund	MLTTSLTLNKEKWKPIWNKALVFLFVATYFLDGITRYKHLIIILMVITAIYQVSRSPKSFPPLFKNSLFYSIAVLSLILVYSILISPDMKGSFKEFENTVLEGFLLYTLLIPVLLKDETKETVSKIVLFSFLTSLGLRCLAESILYIEDYNKGIMPFISYAHRHMSDSMVFLFPALLNIWLFRKNAIKLVFLVLSAIYLFFILGTLSRGAWLAVLIVGVLWAILNRQWKLIGVGAILLAIIGALVITQHNNKPDPEHLLYKLQQTDSSYRYTNGTQGTAWILIQENPIKGYGYGNDVYDSVYNKRVVDYPTWTFKESIGPHNTILYIWFSAGILGLASLVYLYGAIIRETASSTFRKVEISPYNAHLLLFLSFIGFYIVRGNFEQVDIAQIGIITGFLLALRNR	23874940	439843		
Salmonella enterica		CAR61594.1	FM200053.1	Paratyphi A	Paratyphi A	MLTTSLTLNKEKWKPIWNKALVFLFVATYFLDGITRYKHLIIILMVITAIYQVSRSPKSFPPLFKNSVFYSVAVLSLILVYSILISPDMKESFKEFENTVLEGFLLYTLLIPVLLKDETKETVAKIVLFSFLTSLGLRCLAESILYIEDYNKGIMPFISYAHRHMSDSMVFLFPALLNIWLFRKNAIKLVFLVLSAIYLFFILGTLSRGAWLAVLIVGVLWAILNRQWKLIGIGAILLAIIGALVITQHNNKPDPEHLLYKLQQTDSSYRYTNGTQGTAWILIQENPIKGYGYGNDVYDGVYNKRVVDYPTWTFKESIGPHNTILYIWFSAGILGLASLAYLYGAIIRETASSTFRKVEISPYNAHLLLFLSFVGFYIVRGNFEQVDIAQIGIITGFLLALRNR	23874940	554290		
Salmonella enterica		ACH77456.1	CP001144.1	Dublin	Dublin	MLTTSLTLNKEKWKPIWNKALVFLFVATYFLDGITRYKHLIIILMVITAIYQVSRSPKSFPPLFKNSVFYSVAVLSLILVYSILISPDMKESFKEFENTVLEGFLLYTLLIPVLLKDETKETVAKIVLFSFLTSLGLRCLAESILYIEDYNKGIMPFISYAHRHMSDSMVFLFPALLNIWLFRKNAIKLVFLVLSAIYLFFILGTLSRGAWLAVLIVGVLWAILNRQWKLIGVGAILLAIIGALVITQHNNKPDPEHLLYKLQQTDSSYRYTNGTQGTAWILIQENPIKGYGYGNDVYDGVYNKRVVDYPTWTFKESIGPHNTILYIWFSAGILGLASLAYLYGAIIRETASSTFRKVEISPYNAHLLLFLSFVGFYIVRGNFEQVDIAQIGIITGFLLALRNR	23874940	439851		
Salmonella enterica		CAR39498.1	AM933173.1	Gallinarum	Gallinarum bv. Pullorum 11	MLTTSLTLNKEKWKPIWNKALVFLFVATYFLDGITRYKHLIIILMVITAIYQVSRSPKSFPPLFKNSVFYSVAVLSLILVYSILISPDMKESFKEFENTVLEGFLLYTLLIPVLLKDETKETVAKIVLFSFLTSLGLRCLAESILYIEDYNKGIMPFISYAHRHMSDSMVFLFPALLNIWLFRKNAIKLVFLVLSAIYLFFILGTLSRGAWLAVLIVGVLWAILNRQWKLIGVGAILLAIIGALVITQHNNKPDPEHLLYKLQQTDSSYRYTNGTQGTAWILIQENPIKGYGYGNDVYDGVYNKRVVDYPTWTFKESIGPHNTILYIWFSAGILGLASLAYLYGAIIRETASSTFRKVEISPYNAHLLLFLSFVGFYIVRGNFEQVDIAQIGIITGFLLALRNR	23874940	550538		
Escherichia coli		CAR10296.1	CU928162.2	O81	O81	MTSTLFFSFEKKNWIAYWNRALVFLFITTYFLGGITRYKHLIVILMTITTIVYLCKRPKHYLSLFKTFLFGSVAILTIAALLSLVQSPDAGAGMKEIFKAIIENTLLCTIAIPVILRDEKREDIEKIVFFSFISALGLRCFSELIAYYKDYQQGIMPFADYRHRSISDSMVFLFPALLNLWLIKSAKYRISFAVLSAIFIFLILGTLSRGAWLSVLVIGLIWILMFKQWKLLLVGVMVSIIALSVIFTHKEMTAKLTYKLQQTNSSYRYANGTQGSALDLILENPVIGYGYGNVAYKDVYNKRVIDYPQWTFRQSIGPHNFALFIWFGTGLLGLVSLMMLYCAILKECIKNVVQNKYRSPYNAYYIILLSFIGYFVIRGNVEQIEPNLLGVYAGLLLAMKNK	25972421	562		
Escherichia coli		BAI33254.1	AP010958.1	O103	O103	MTSTLFFSLKKKNWIAYWNRALVFLFITTYFLGGITRYKHLIVILMTITTIVYLCKRPKHYLSLFKTFLFGSVAILTIAALLSLLQSPDAGASMKEIFKAIIENTLLCTIAIPIILRDEKREDVEKIVFFSFISALGLRCFSELIIYYKDYQQGIMPFADYRHRSISDSMVFLFPALLNLWLIKSAKYRISFVVLSVIFIFLILGTLSRGAWLSVLVIGLIWILMFKQWKLLLVGVMVAIIALSVIFTHKEMTAKLTYKLQQTNSSYRYANGTQGSALDLILENPVIGYGYGNVAYKDVYNKRVIDYPEWTFRQSIGPHNFALFIWFGTGLLGLVSLMMLYCAILKECIKNGVKNKYRSPYNAYYIILLSFIGYFVIRGNVEQIEPNLLGVYAGLLLAMKNK	25972421	585395		
Salmonella enterica		AAL22572.1	AE006468.2	Typhimurium	O4 (B) Typhimurium	MLTTSLTLNKEKWKPIWNKALVFLFVATYFLDGITRYKHLIIILMVITAIYQVSRSPKSFPPLFKNSVFYSVAVLSLILVYSILISPDMKESFKEFENTVLEGFLLYTLLIPVLLKDETKETVAKIVLFSFLTSLGLRCLAESILYIEDYNKGIMPFISYAHRHMSDSMVFLFPALLNIWLFRKNAIKLVFLVLSAIYLFFILGTLSRGAWLAVLIVGVLWAILNRQWKLIGVGAILLAIIGALVITQHNNKPDPEHLLYKLQQTDSSYRYTNGTQGTAWILIQENPIKGYGYGNDVYDGVYNKRVVDYPTWTFKESIGPHNTILYIWFSAGILGLASLVYLYGAIIRETASSTLRKVEISPYNAHLLLFLSFVGFYIVRGNFEQVDIAQIGIITGFLLALRNR	23874940	99287		
Cupriavidus metallidurans		WP_011517284.1				MTDSNKLLSRMATVLVFAFPVLILCVPRGAGVFLAGVGVLALLGWRGMGRAWREYSKVMTPLAIAVLAFMLVYVGSKLYFHTPWNVIDNPSRTLLAILTCWVIVRAAPNPAWLWRGITVGLFLALLIVGYQKFALNIDRPSAWIQAIAFANMIAALALVGFARPGDSRGTHMEAWVNLLLGTMILMLNGTRGAVVAMLVTSVPMLMIRYRRFSVRMLIVAVCAVATLAIGAYMVPDSPVSKRVDDAVSEIQMYRQGNIETSVGVRLKIWHIGLQYFSEHPWTGVGVGQFARILHASEFCHETKSLACVLEHAHNDIVEAASTTGIPGLMVMLGLFLVPAVLFARALRAARSLGNPQGVSLGGAGLGVVMASLISGLTQVTMAHQANVVFYAGLIGLLLGMAGREAHSARTDAV	35388216	119219		
Vibrio cholerae		AAL76923.1				MNNKITKTSIFLTISLLLITPGFSVVAVGLLTLYSSVKLIKNGLNLNKFDIIPLITLSAYFLSNLPITIIDGDTLRYLDAGIRALLCIPMYFFIKNEISKGANLDNTLCTSTILASFGALAFAFYQFFILNMPRVDGFLFSINFGYLAAALAILSFGLSFTQTRFKYYLYLSVVAATVATILTLTRGAILTLLFVFILFFIVNVRKIKFKQTLVFTLISFLLVSVSYQFSPRIQERVDFTIFEISSIASNNIHAAASSGGRLQLWYAAVEAFKHNPIWGTTYSERESLNIELFKEGKVDEWTSTVPRGHAHSQYFEAIASNGTLGILAIFAMLILPFGVFLNDYRKTGSPISQTGYLFAFGFIIFCLTEAPLQANLIGTFYGFMVAIFYAYIAAKRAKN	22158874	666		
Taylorella equigenitalis MCE9		ADU91200.1				MHPLVEKTFILGVITFLVYGCALANGYSVAYVLLILASLATFYKSKKLNSYYKMSAWDWALFISMTAMVLISFAVSLYYGESGRYFDRPSKILIGLLFVYCLRFVEIKRWLFILCIQCGAIVFGVFAIQDVFFFNLERAQGGMLEIHFGNFALVWGLGSLLSLFHLHGLKNKKIFIGLGILGFVMGIFASILSGSRGGWIYVPMGFVLVSLFTFKSLKHSLLLIFSSFVFVVVAAFSAYHYSPAIKERVDMTYETLFKDLSEIKVLDTSITARFEMWYLASEMIKVHPIIGWGDVQYLKFMKWGFLDGHISQKVYKHRHPHNEYLNEFVKRGIFGFLALISLYLISFAYFFKNARSNYSSEVKLPAGIGAIFVSGYMVFGLTQAVFSHNEGTMYWILGVGIFWALTRYAENSHKSSELIPTHSDATHS	22158874	937774		
Haemophilus parainfluenzae ATCC 33392		EGC72795.1				MHNIGVFPKLFINASIFLFFTLLLIFPKGYNYGSTALLILSVLFLCYLLYKRASFSAIVKQNKAIFVVTTFYFLVSLFFIFFHGEKFNLIDNPLRAFLFLSVIIFIAYSSVKFDILLYSIPLGSFISGIVALYQYYILNLESAFYNQMKIQSGDMAMSLGLFSFVIAFHLLDVNKYKQKLVALVILFGIFGVLASLLSFARGGWIGVPILLLILIFLYRHLLSKKLLLGGITFLCIISVVLTVNNKFVNRLSEAQYELKLYLSGDNKVSSIGERLDMWTIGSKAFLEHPISGWSLKELDYYKKDLADKDVVTKASISFLHLHNQFIDELAKKGILGGIAILSIFIVPLHLFYRKVVGQGNKRIKFISILGIIHVLSTIIYCMSQAFLAHNSGNIFYFFVLFLFYSFMVNESTRSE	22158874	888828		
Aeromonas salmonicida		WP_005318160.1				MSIRSLELLDKATTALFALVILFSFCGLFLVPAGQTILSNLLVVASVFGLLNYFVGKKRDVGLEDRRILWVLAAYAAMIFVNRLIHGDQYGVMRGLFYVVVFALMIPRKPVLLTLGYAAIVTGGIGLGIMSLWQYQSGIVRVEGFTNAILFSQAALTLAILNWFVFQQRQLLRWIRYGALVALVAALFALYLSQSRGGWLALGGIVGYVICYKALFKPWKYIAIAMLCIASIGITYHTNQLVQLRVADAVSDLNFAEKGSYNSSWGLRVVAWQSAWLGFLDAPLTGVGTNGFDALKQEQVARGLVPPLALNAALAHAHSQYMQNLVIRGGIGFVVLVAFLFLPLWLSMKKMGGDAACVLIPLSFAISAFSDVPFEHQDILYLYVLSMIFIWYSSELRENKSAL	22158874	645		
Vibrio cholerae		AAL77359.1				MNIKNKFISKLEEFFFLSPLIVLLIFIFNIADTKYILSRLIPIVIIYALIKYRNAIKENLHSQIRLFLACGLLVVVTFSLYHFIRDDEFSLPRTLIASLAYLIFVPWKRINPQMVYYIIAIAAIVCGLNAFYERYVLNIYRVGIATNPIPYALYVSFLVLSCIYLLLNSQSKVLKLLASIGGVLSLAAIIMTDVRGVILFLPVVIIYLVITTIKLRWKYYVALTLSVTVLSGVFYATFQSDINARIAQTQDEIALIKQGDLSSSIGIRLDLWMHGVEIIAQNPLFGVGDSGLQGSISKMTNPGAAMQPHLHNQYLDFLARYGIVGTMVMFLFCLALFLNLNNSGFEYIGNPLVNSMLMMLIFAGLTDVPLHHTHLIYLLTILCGLLIRFSERGMNKNIHLFKC	22158874	666		
Mycetohabitans rhizoxinica		CBW75858.1		HKI 454	HKI 454	MYPNRFVTGVATAAIILSPALVLTMQGGTGYCYFTLLMLALGWTAHPANWERCRSIWREYRLYLISMLALPVAVLFQVLVLHTAKLSAFDSILRFGLIVPSFLLLASLPSARLRLVQWGFVAGAIATGAWALYEVLHTGSWSMPERLGNAFMNPIPFGGTALLLGFLAFASLERDRKIWLGEWALKIIALLCGCYASYLSGARGAWIALPVLVWASMAGRHWLSNRWTAAGLVLLLIAALGALSTTNMVQERVSALESDIRKLSAGNTESSTGIRLELWKASLELYAEQPVFGVGKGRLKEGMMHFPKYNHLVSDFHMHLAHNEILSMLAEAGTVGLVCLLLLYGGPLRYFWKYRRHSDPTITNAAYMGLIMVLGTFVFGLTNDVFAVVMNAAFYALTTATLLATIASRRRELAER	22158874	882378		
Escherichia coli		AAC69671.1				MSFCWNEINSGIKSLILILCIFSLMTLSLWDDVATKFLHAAGIISALYFLATPKKTITNNPTLLIFISLCLLGIVNIIWYSHYKVSGSVYTNAYRGPMETGKIALCSAFIFLVLFAKNEMRTKIKFGKLILFASLATQLLFFAHAMWQHFYLNVDRVALSASHATTAGYIILFPSLLASILILKSDFRHKTTLYTINFMLSLCAVIVTETRAAILVFPFFALILIVMDSYINKRINYKLYCFITIALLAGVFSFKDTLLMRMNDLNNDLVNYSHDNTRTSVGARLAMYEVGLKTYSPIGQSLEKRAEKIHELEEKEPRLSGALPYVDSHLHNDLIDTLSTRGIPGVVLTILAFSAILIYALRTAKEPYILILLFSLLVVGLSDVILFSKPVPTAVFITIILLCAYFKAQSDQCLLEK	9792656	562		
Escherichia coli		AAC69682.1				MEVKIEQFRNNSCNFIFLLYLIGLLFVPIDLNITTKIINATGAFSLFLLIVNKKHNYNKNVIILILGLLLLGAMNLIWYEFYKTEDVVYRNAYRGYLESGKLLVFSSLTFLLLSKNKFRQNEKLHFISAILVQIIMLCRAYYQGIYLHADRIPLSAMNGNIGQMGAATIAAYVITFTTLYSSIVFIKMKSKYKWFLFYANFALSFAAVMMTGTRAAIFTFPLMIMVILFLQHRDQKVFLFKGLSGVFILLLACGLIFNKEIDRRINSLKADVISYATKNNSQSSVGARFAMVNAGIKGSPDGFNWQSLEQRAEKIKALSAENNIYSGALLFLDVHMHNEIVESLSTKGKIGLLVLIMFYVAMIYYCIREKKYILLVFPASIMLFGISDVITHAKPIPASWIVCLFLSISFLSKNEPQ	9792656	562		
Pectobacterium atrosepticum		CAG73082.1		SCRI1043	SCRI1043	MISLPTVNKYMLNELRYELGKTPSISSAVALTAIFPGCLLTLAIMPFSSVLAGWFFYLTGSLSVFYVVTHLRTVIAAKRLLLIPLCLLAIGLTNLIWYHQYYQPDSLFSYVYNAYKTSAHAGILGAFILLTALHITQQKQKLSLFYTIAICVLTLGYAFYQSLFSGMHRIGLVFGTATSAAYFLTFIGALSAQALLKLDSAYKYYLYLGHFLLVTIAIFLTETRAAIFVYPIVGATILLSEVRHNKRLFIKALIGSSATILLCLFLFQETIHQRANDLINDVHSYSMNNSRTSVGARIAMYQSGTEAGEEALLGQSAEQRSERIIAQAEQKPSLAGAVEYLNVHLHNEVIDAFSLKGLPGAILLILLYVSLFYFSFFVLRSHLSAALLFALIMYGLSDVILYSRDMLIAWLMAFCLGTTLNVKWLKN	22158874	218491		
Escherichia coli		AAB18599.1		K12	K12	MLTSFKLHSLKPYTLKSSMILEIITYILCFFSMIIAFVDNTFSIKIYNITAIVCLLSLILRGRQENYNIKNLILPLSIFLIGLLDLIWYSAFKVDNSPFRATYHSYLNTAKIFIFGSFIVFLTLTSQLKSKKESVLYTLYSLSFLIAGYAMYINSIHENDRISFGVGTATGAAYSTMLIGIVSGVAILYTKKNHPFLFLLNSCAVLYVLALTQTRATLLLFPIICVAALIAYYNKSPKKFTSSIVLLIAILASIVIIFNKPIQNRYNEALNDLNSYTNANSVTSLGARLAMYEIGLNIFIKSPFSFRSAESRAESMNLLVAEHNRLRGALEFSNVHLHNEIIEAGSLKGLMGIFSTLFLYFSLFYIAYKKRALGLLILTLGIVGIGLSDVIIWARSIPIIIISAIVLLLVINNRNNTIN	22158874	511145		
Erwinia amylovora		CBA19033.1		CFBP1430	CFBP1430 (EawabH)	MLTEKSPQPILSYLIYTCCAIAFATVPFGLKFGRDIFYVASYISFIAIVLNLRYYTLDKLKLVVSLSFLAFGLGTTFWLIAFKQPGAYIDIYRSYMSTARLFSAMSVVSLVALNERLAMQKITLVVSVAVGLLVNTYALYQGLWLLQSRIELNFDRTTIVAYLLTAISLVMMQSILMLKIRYRLGFYIAAFILSYSAIILTGTRAAMIAYPALILLTVIVTKNIITVRHKIAVILLVPVLLTSTSLVFKDLVMSRIHDFERNIIAINDIEAENSVFSRVWMQVVAIRTGSEAPLGQSAEQRASEAMRIIQADPQLYNAKRYLTVHMHNEILETWSLKGIWGVVLLLAFYGSLTVLAFRLSRNAMLFGLTVAMIIYGLSDVIFFSTEATATFLLAIIASILSMKKNQTVAEQPIC	22158874	665029		
Escherichia coli		AAC69648.1		F632	F632	MLTASLALRNKEKWKPYWNKALVFLFIATFFLDGITRYKHIISILMIITVIYQVSRAPGTFKVLYKNNLFYSVLALSLILLYATFISPDLKISFKEFSNTVLKGFLAYSLLIPALLKDEDNESIGKIVLYSLVTGLGLRCLVELILYIQDYNKGIMPFSTYEHRSISDSMVFLFPALLNLWLIKKTSYKIAFVIFSAVFLFLLLGTLSRGAWLAVFIVTLLWLILNRQWKLLMLTSIVISVAAVGVFTYKGDHAGKDRLIYKLQQTDSSYRYTNGTQGTAWTLIMENPLKGYGYGDDIYHAIYNKRVVDFPSWKFRQSIGPHNVVLSIWFAAGLAGLLALLYLYGSIIKETANATFKTVVVTPYNGQLLLFLTLVSFYIIRGNFEEVDLKPIGLIVGLLLAMRNK	9535865	562		
Salmonella enterica		AAS22256.1	AY533856.1	Arizonae	Arizonae	MLTTSLTLNKEKWKPTWNKALVFLFVATYFLDGITRYKHLIVILMIITAIYQVSRSPKNFSHLFKNSVFYSVAALSLILVYSVLISPDMKESFKEFENTVLEGFLLYTLLIPVLLKDETKETVAKIVLFSFLTSLGLRALVEIVLYIQDYSRGVMSFTNYDHRHISDSMVFLFPALLNIWLFRKTSLKLAFFALSAVYLFLMLGTLSRGAWLAVLVVGVLWAILNRQWKLMGIGAAILVIAGALVITQQIHKPNQDRLLYKLQQTDSSYRYTNGTQGTAWILIQENPFKGYGYSNEVYDSIYNKRVVDYPTWTFKESIGPHNTILYIWFSAGILGLASLAYLYGAIIRETASSTFKKVEISPYNAHLLLLLSFIGFYIVRGNFEQVDIDQIGIITGFLLALRNK	15215252	59203		
Salmonella enterica		NP_462613.1		Typhimurium	O4 (B) Typhimurium	MLTTSLTLNKEKWKPIWNKALVFLFVATYFLDGITRYKHLIIILMVITAIYQVSRSPKSFPPLFKNSVFYSVAVLSLILVYSILISPDMKESFKEFENTVLEGFLLYTLLIPVLLKDETKETVAKIVLFSFLTSLGLRCLAESILYIEDYNKGIMPFISYAHRHMSDSMVFLFPALLNIWLFRKNAIKLVFLVLSAIYLFFILGTLSRGAWLAVLIVGVLWAILNRQWKLIGVGAILLAIIGALVITQHNNKPDPEHLLYKLQQTDSSYRYTNGTQGTAWILIQENPIKGYGYGNDVYDGVYNKRVVDYPTWTFKESIGPHNTILYIWFSAGILGLASLVYLYGAIIRETASSTLRKVEISPYNAHLLLFLSFVGFYIVRGNFEQVDIAQIGIITGFLLALRNR	15215252	99287		
Escherichia coli		AAC69661.1		F653	F653	MTSTLFFSLEKKNWIAYWNRALVFLFITTYFLGGITRYKHLIVILMTITTIVYLCKRPKHYLSLFKTFLFGSVAILTIAALLSLLQSPDAGASMKEIFKAIIENTLLCTIAIPIILRDEKREDVEKIVFFSFISALGLRCFSELITYYKDYQQGIMPFADYRHRSISDSMVFLFPALLNLWLIKSAKYRISFVVLSVIFIFLILGTLSRGAWLSVLVIGLIWILMFKQWKLLLVGVMVAIIALSVIFTHKEMTAKLTYKLQQTNSSYRYANGTQGSALDLILENPVIGYGYGNVAYKDVYNKRVIDYPEWTFRQSIGPHNFALFIWFGTGLLGLVSLMMLYCAILKECIKNGVKNKYRSPYNAYYIILLSFIGYFVIRGNVEQIEPNLLGVYAGLLLAMKNK	9791168	562		
Xenorhabdus bovienii		WP_012990589.1				MLDIKNRFNIGNNKKSLWNLSIIGLYIILVYLPDITRYKNLVMILICATALCYLVKDFRQVVNSLRSSLFLSILLFVLAIFYSIGISIDSALSFKEMNKPILNGLLLFSVTFPIVLYQEKKQHIAKMILIAFIIGMGLISLTDIAKYLINYYATGEMPFMNYNHREFSYGFLFYFPVLLCTWALWKKHSLLSWLLLIIASAISLFLLLGTLSRGAWVAIVVATVFIIVINREWKLILAATICLGLLAGSIHWSAVSNPATKLLLHKLTQTDSSYRYSNGTQGSAWSLIMENPVKGYGFGNKVYHQVYNSRVADYPDWTFRTSIGPHNVFLSLWFAGGLFGLITTLLMTLSTLFTGSQIIRQHSGIIRQAGLILLTAFIGLFIVRGAFENAYINEIGILFGLMIALYKQKDD	22158874	40576		
Proteus mirabilis		CAR46213.1		HI4320	HI4320	MMLFKDDSKKSLWNLSIIGLYIILIYLPDITRYKNIVMGLIGATALWYLVRDFRTIGQIFKNNLAYALFFLLLAIGYSVVISVEPALSLKEINKPILNGLLLFAIAFPIVLYKETPTAIAKMVMVSFAMGLLVIMAKELAQYYLEYQQNILPFTKKSQLAHREISYALLFFFPIILALWALKKNHSIINWLLLSVVSLLFLFAILGTLARGAWVALAISTLLILIINRQWIFTLLSMGICVALFFGVTQLPNNQFINAKLKHKLSQTNSGLRFDGGTQGSALDLILAQPIKGYGYGNQLYHNVYNQQVKQHKNWVFKKSIGPHNVFLAFWFAGGILGLISLLYFCASFIAQGIQLIRKNQGITRQAALVLLMSFLGVYVLRGLFENAYINQVGILLGLMLALRYSLLNQPSATPTQEDTSVS	22158874	529507		
Providencia rettgeri DSM 1131		EFE51464.1				MSFLERNESILSKYNKTLVLIFVVLFFVENVTRYKHILFYLMIATSLVYLSLDTKKVLEKLNNKLLYLVGAFSIFLYISVAYSNIPSVSIKTLNNNLLNYGILSLSLLLPIILYRESLKDISKLLLTSFTASLALVLLVELYRYYIAYQQGILPFTTYDFRHVSDALVFFFPILPILWYLLPKSKLTYFYILSIVFLFVLLGTLARGAWVAVAVAGLLFLCFKRPWKLIGVVLCLSLVSLISIKLIYPETSKKLFYKLEQTDSSHRYTNGTQGTAFELILENPIIGYGVGDEIYHEKYNSVVKHYPEWVARYSIGPHNIWLYIWFGAGIAGLAIFSAVFLSMCYASMKGIKNRSDEPEIYFAFIALLLSLIGFYLVRGMFEQVDLKPLGILLGFLIAMMGHSSNKQKRVCHE	22158874	521000		
Pseudomonas aeruginosa		AAG08384.1		PAO1	PAO1	MFAATRLSRLRHDTSRILSHWILPLGWLALLTGMFWVGDRSDYHRLFYILLAAPTLLYVILQPRLLRPLTGSPLFIAFLAFSSYMMLSLSWSTPENSTGSLLKRPLYIALLFFCAAILALEAPLRLKTATWLAALGAVISAAATLLRYYWDANPLRLTGYGALYNPLLSAHVYGAFTALWLAYWMQSRPILAPLPLISLALLGGLLIATGSRTPLVGLTAALMWLVLAGDRKKALIALALALAGALLGYILYPEVITQRGASFRPEIWADALRQISEHPWLGHGYDHPMRIVLSNGMLLADPHNIELGVLFAGGIIGLLLWVAIYALAFGFSWKNRKSPAVLLASTWLVFGLAAGLTEGNAFLPRPKEHWFLIWIPMALLYALWIQQRFAASRRGEDIAAP	22158874	208964		
Klebsiella pneumoniae		BAH65745.1		NTUH-K2044	NTUH-K2044	MSTRTNNLLHLSILLLLLSLVRQENRQALAGVLREHWQTWTLLAAFFIYYALSNVWGHTPQHIDSPITHGVYLTGYLLLMTMLLRDGRTRRLAMLAVVGGITVLSLWTLIIDHTLVLTERAVSPENPGPTNVIDLAGYCGIGILICGMLLKEKASHWLYLPVVIMLVMLLLTQSRGPIIALVLAVGCTLHLHVFTRRNLLIAAALAVLVALLLVMTPVGDMLLARFEELGTQSGLRLSIWHHTLSEMASQPWLGRGFSYELDFINYSGEHITTTHSVYMGALLKGGIVGLLLLLAIIACGLWQAWRKRHTDSRYSLAILFYALVFMASQGMFIISNPRETWVLFWLPLGIALSKGVAEKR	22158874	484021		
Vibrio cholerae		AAL77364.1				MMINLMSLSLIYFMPISLLFLSLGFSKAGINIGITSILIIFIYQLTRHSKLLKKSFGIIEKLSISLFLTGLIVSILTNFDIGEMFNFLKKGIIFLLFPTITHLARSNVKLNISLFYFGILAAICYSLSLWFDIGINNWNGERIGSFWDIGRWGEILAYSIIFTLPFLLDRDSSKLFKLLFILFISSSVICLILSGSRAPILAIVISSFILILFTRPKVLLFSFFSLCLLFFSLQKTDFGITAQNRLESITNTTSDASNISRITMWQSGLEFFKFKFNHQPEDIILGSGLLHFNDEFYKFMSENYDIEEIKLKTMNNFSFSDSHNSYIDMLNKLGLFYLSLYISLLTSIILHLLKEAPTPWTQAGISLILTHLIMSFFYTSYLEYQTIVLFSLLALCLSKRKV	22158874	666		
Leptospira borgpetersenii		WP_011670128.1				MPERLRKITLFLFCASIVTIGLSVSLSQGFLVLAFLTSLFSSKTSGFWKEPLTLIGISFFGWYLSDFVIHSFQEENFRTYSKIAFNAELKDIFLFIGFVLAWNLKKEEFPVILKSLNVLFWILLITGFISSFSPVRLSRLVSDLYRESSNWKFTHPMGHVGGLSLYLPIGLMNTHLTFGGLLQFFFPVPVFLFLRSLFDRNFKKAGIQGIILLSFLYVVFLNNARSSMLGAIFSSITAFLVLGIVRKELPSAKILLFASGILMLLLVLGIVLSFTQVGQKITDPLFGKEKHTDSGRTFIWDSTFPLIRDNFFAGVGPGNYDREIEKSRKEHSEKYRELYYFYETTQRGHAHNDYFHLFAVFGFPGIFLFLSLGTELYRRLITTKLPYEHSLYFFGLSGFFFSGLFQCYFQDDEVVILFWILCGLFLRLSKEFVPKP	22158874	174		
Salmonella enterica		AAS22257.1	AY533857			MLTTSLTLNKEKWKPTWNKTLVFLFVATYFLDGITRYKHLIAILMVITAIYQVSRSPRSFSPLFKNSVFYSVAVLSLILIYSVLISPDMKESFKEFENTVLEGFLLYTLLIPVLLKDETKETVAKIVLFSFLVSLGLRSLVEIVLYLQDYSRGVMPFTNYDHRHISDSMVFLFPALLNIWLFRKTSLKLAFFALSAVYLFLMLGTLSRGAWLAVLVVGILWTILNRQWKLMGIGAAILVIAGALVITQQSHKPDQERLLYKLQQTDSSYRYTNGTQGTAWILIQENPVKGYGYSNDVYDSIYNKRVVDYPTWTFKESIGPHNTILYIWFSAGILGLASLAYLYGAIIKETASSTFRKVEISPYNAHLLLFLSFVGFYIVRGNFEQVDIDQIGIITGFLLALRNK	15215252	59204		
Escherichia coli		AAA24524.1		K12	K12	MLTSFKLHSLKPYTLKSSMILEIITYILCFFSMIIAFVDNTFSIKIYNITAIVCLLSLILRGRQENYNIKNLILPLSIFLIGLLDLIWYSAFKVDNSPFRATYHSYLNTAKIFIFGSFIVFLTLTSQLKSKKESVLYTLYSLSFLIAGYAMYINSIHENDRISFGVGTATGAAYSTMLIGIVSGVAILYTKKNHPFLFLLNSCAGTLCSGANTNQSNPTPVPYNCVAALIAYYNKSPKKFTSSIVLLIAILASIVIIFNKPIQNRYNEALNDLNSYTNANSVTSLGARLAMYEIGLNIFIKSPFSFTSAESRAESMNLLVAEHNRLRGALEFSNVHLHNEIIERGSLKGLMGIFSTLFLYFSLFYIAYKKRALGLLILTLGIVGIGLSDVIIWARSIPIIIISAIVLLLVINNRNNTIN	9791168	562		
Salmonella enterica		AAA27206.1		Typhimurium	O4 (B) Typhimurium	MLTTSLTLNKEKWKPIWNKALVFLFVATYFLDGITRYKHLIIILMVITAIYQVSRSPKSFPPLFKNSVFYSVAVLSLILVYSILISPDMKESFKEFENTVLEGFLLYTLLIPVLLKDETKETVAKIVLFSFLTSLGLRCLAESILYIEDYNKGIMPFISYAHRHMSDSMVFLFPALLNIWLFRKNAIKLVFLVLSAIYLFFILGTLSRGAWLAVLIVGVLWAILNRQWKLIGVGAILLAIIGALVITQHNNKPDPEHLLYKLQQTDSSYRYTNGTQGTAWILIQENPIKGYGYGNDVYDGVYNKRVVDYPTWTFKESIGPHNTILYIWFSAGILGLASLVYLYGAIIRETASSTLRKVEISPYNAHLLLFLSFVGFYIVRGNFEQVDIAQIGIITGFLLALRNR	9791168	90371		