	acc	org	taxid	name	seq
20641	WP_166824133.1	Iodobacter sp. HSC-16F04	2705247	EpsG family protein [Iodobacter sp. HSC-16F04]	MLWLFFVPFIYLCVLACLVNLDKKYTNFYLALIFLLLSFFAGLRSVDADYAVYADIFNEIPYINTFSLSTTTDIHGEIGFLFFGSIVKSLGLGFESFVFLCALVSVSLVVLSAKKLSYNPVLSLLFYFSHVFLLREMIQIRAALAVAIVLFSFSISISVWKRVVFILFSTLFHSGAIIIIPFYLLLRKTVFKWDVFLLIFGVSLLASNVGVAKPLIHLLTNVGLLPQAVANYVEWDLYNYHLSTFTNPVVWKAVIVLYFLRNFDRTQLGDSLYVIRNIYASGLIFMLLFSDFAIIAGRISTFLFFGEIMLISWAFLYKNRKFSAVLLVVLLSLMQLTLNLYVNESHQGYQLILLKG
40003	WP_198813363.1	Proteus penneri	102862	EpsG family protein [Proteus penneri]	MIIYTFLFSIFLCLLSNPFKKNNLTLVVFVFISLFLFLLAAFRLGDADYLEYKKIFDLTPELNNFLYISAKKVHGEVGYLFINSTFKYIGFEFTSVIFFIALLSVILTCISSFKLSPAPTIAIILYFSHFFILREMIQIRAGLSISIIIFSIAYCKKKTHIFLFILIAALFHKASLILLPFIFLYNRKKIRLKIIFIFILIAYIFQDVNILKLILNQFSVLGFLPESINNYLNSTLYSSQLPILTNPVFWKAILIILITNKFIETEKKDNINIETANRIIFLWNLYSLGLVLMIFLSNFSILSGRLSTFLFLGENILITYGLLILNKKNRLLIGYPFVLLMASLQIFFDLSIKNNHAETSFIFLN
44893	MBA3143697.1	Salmonella enterica	28901	EpsG family protein [Salmonella enterica]	MNILFFLLLSVGLLFSLAYKNKNKNKNINDSIMFMLVVLMILMSGLRVNDSDYLEYNKMYNEVPSLYNFTLSAIKDIHGEIGYLFLSSFFKTFDLPFQFFLFFIASLSLMLTYFSFKKASVIPILSLVFYLSHAFIVRDMIQIRAGLAVSMSLYTIVTYKKNRNVITGILLASLIHSGAIIIAICYPFIKKRYLSLKKIFSLFLVALIFSYLHGLDFILNTLIHYNLLPDAVANYIGWEEYDYRINIFTNPVFIKGVMIVFLMKKYIKININNEMDKIVILYNLYVLGVLAMVGLSEMAILSGRLSSFLTLGESILIVYGLFYKRNISVGFVFFLLLTFIQMGYDLLISNVHPKLSLFIFG
44915	WP_179226027.1	Salmonella enterica	28901	EpsG family protein [Salmonella enterica]	MNILFFLLLSVGLLFSLAYTKKNKNINDSIMFMLVVLMILMSGLRVNDSDYLEYNKMYNEVPSLYNFTLSAIKDIHGEIGYLFLSSFFKTFDLPFQFFLFFIASLSLMLTYFSFKKASIIPILSLVFYLSHAFIVRDMIQIRAGLAVSMSLYTIVTYKKNRNVITGILLASLIHSGAIIIAICYPFVRKRYLSLKKIFSLFLVALIFSYLHGLDFILNTLIHYNLLPDAVANYIGWEEYDYRINIFTNPVFIKGVMIVFLMKKYIKININNEKDKVVILYNLYVLGVLAMVGLSEMAILSGRLSSFLTLGESILIVYCIFYKRNISVGFIFFLLLTFIQMGYDLLISNVHPKLSLFIFG
44940	MBA3113756.1	Salmonella enterica	28901	EpsG family protein [Salmonella enterica]	MNILFFLLLSVGLLFSLAYTNKNKNINDSIMFMLVVLMILMSGLRVNDSDYLEYNKMYNEVPSLYNFTLSAIKDIHGEIGYLFLSSFFKTFDLPFQFFLFFIASLSLMLTYFSFKKASIIPILSLVFYLSHAFIVRDMIQIRAGLAVSMSLYTIVTYKKNRNVITGILLASLIHSGAIIIAICYPFIRKRYLSVKKIFSLFLVALIFSYLHGLDYILNTLIHYNLLPDAVANYIGWEEYDYRINIFTNPVFIKGIMIVFLMKKYIKINNNNNNNNNNNNDNDNNNNNKVVILYNLYVLGVLAMVGLSEMAILSGRLSSFLTLGESILIVYCLFYKRNISVGFIFFLLLTFIQMGYDLLISNVHPKLSLFIFG
44951	ECZ7900187.1	Salmonella enterica subsp. enterica serovar Derby	28144	EpsG family protein [Salmonella enterica subsp. enterica serovar Derby]	MNILFFLLLSVGLLFSLAYTNKNKNKNKNKNINDSIMFMLVVLMILMSGLRVNDSDYLEYNKMYNEVPSLYNFTLSAIKDIHGEIGYLFLSSFFKTFDLPFQFFLFFIASLSLMLTYFSFKKASIIPILSLVFYLSHAFIVRDMIQIRAGLAVSMSLYTIVTYKKNRNVITGILLASLIHSGAIIIAICYPFVRKRYLSLKKIFSLFLVALIFSYLHGLDFILNTLIHYNLLPDAVANYIGWEEYDYRINIFTNPVFIKGVMIVFLMKKYIKININNEKDKVVILYNLYVLGVLAMVGLSEMAILSGRLSSFLTLGESILIVYCIFYKRNISVGFIFFLLLTFIQMGYDLLISNVHPKLSLFIFG
44969	ECG8041865.1	Salmonella enterica subsp. enterica	59201	EpsG family protein [Salmonella enterica subsp. enterica]	MNILFFLLLSVGLLFSLAYTNKNKNKNKNKNINDSIMFMLVVLMILMSGLRVNDSDYLEYNKMYNEVPSLYNFTLSAIKDIHGEIGYLFLSSFFKTFDLPFQFFLFFIASLSLMLTYFSFKKASIIPILSLVFYLSHAFIVRDMIQIRAGLAVSMSLYTIVTYKKNRNVITGILLASLIHSGAIIIAICYPFIRKRYLSLKKIFSLFLAALIFSYLHGLDFILNTLIHYNLLPDAVANYIGWEEYDYRINIFTNPVFIKGVMIVFLMKKYIKININNEKDKVVILYNLYVLGVLAMVGLSEMAILSGRLSSFLTLGESILIVYGLFYKRNISVGFVFFLLLTFIQMGYDLLISNVHPKLSLFIFG
44990	HAF2604735.1	Salmonella enterica	28901	EpsG family protein [Salmonella enterica]	MNILFFLLLSVGLLFSLAYTNKNKNKNKNKNKNKNKNKNKNKNINDSIMFMLVVLMILMSGLRVNDSDYLEYNKMYNEVPSLYNFTLSAIKDIHGEIGYLFLSSFFKTFDLPFQFFLFFIASLSLMLTYFSFKKASIIPILSLVFYLSHAFIVRDMIQIRAGLAVSMSLYTIVTYKKNRNVIAGILLASLIHSGAIIIAICYPFIRKRYLSLRKIFSLFLVALIFSYLHGLDFILNTLIHYNLLPDAVANYIGWEEYDYRINIFTNPVFIKGVMIVFLMKKYIKININNEKDKVVILYNLYVLGVLAMVGLSEMAILSGRLSSFLTLGESILIVYGLFYKRNISVGFVFFLLLTFIQMGYDLLISNVHPKLSLFIFG
45000	EBL4292099.1	Salmonella enterica subsp. enterica serovar Rubislaw	598	EpsG family protein [Salmonella enterica subsp. enterica serovar Rubislaw]	MNILFFLLLSVGLLFSLAYTNKNKNKNINDSIMFMLVVLMILMSGLRVNDSDYLEYNKMYNEVPSLYNFTLSAIKDIHGEIGYLFLSSFFKTFDLPFQFFLFFIASLSLMLTYFSFKKASIIPILSLVFYLSHAFIVRDMIQIRAGLAVSMSLYTIVTYKKNRNVIAGILLASLIHSGAIIIAICYPFIRKRYLSLRKIFSLFLVALIFSYLHGLDFILNTLIHYNLLPDAVANYIGWEEYDYRINIFTNPVFIKGVMIVFLMKKYIKININNEKDKVVILYNLYVLGVLAMVGLSEMAILSGRLSSFLTLGESILIVYGLFYKRNISVGFVFFLLLTFIQMGYDLLISNVHPKLSLFIFWIK
45012	EBO9556473.1	Salmonella enterica	28901	EpsG family protein [Salmonella enterica]	MNILFFLLLSVGLLFSLAYTNKNKNKNKNKNKNDSIMFMLVVLMILMSGLRVNDSDYLEYNKMYNEVPSLYNFTLSAIKDIHGEIGYLFLSSFFKTFDLPFQFFLFFIASLSLMLTYFSFKKASIIPILSLVFYLSHAFIVRDMIQIRAGLAVSMSLYTIVTYKKNRNVIAGILLASLIHSGAIIIAICYPFIRKRYLSLRKIFSLFLVALIFSYLHGLDFILNTLIHYNLLPDAVANYIGWEEYDYRINIFTNPVFIKGVMIVFLMKKYIKININNEKDKVVILYNLYVLGVLAMVGLSEMAILSGRLSSFLTLGESILIVYGLFYKRNISVGFVFFLLLTFIQMGYDLLISNVHPKLSLFIFG
45020	EBA8957897.1	Salmonella enterica	28901	EpsG family protein [Salmonella enterica]	MNILFFLLLSVGLLFSLAYTNKNKNKNKNKNKNKNININDSIMFMLVVLMILMSGLRVNDSDYLEYNKMYNEVPSLYNFTLSAIKDIHGEIGYLFLSSFFKTFDLPFQFFLFFIASLSLMLTYFSFKKASIIPILSLVFYLSHAFIVRDMIQIRAGLAVSMSLYTIVTYKKNRNVIAGILLASLIHSGAIIIAICYPFIRKRYLSLRKIFSLFLVALIFSYLHGLDFILNTLIHYNLLPDAVANYIGWEEYDYRINIFTNPVFIKGVMIVFLMKKYIKININNEKDKVVILYNLYVLGVLAMVGLSEMAILSGRLSSFLTLGESILIVYGLFYKRNISVGFVFFLLLTFIQMGYDLLISNVHPKLSLFIFG
45028	EGX6618175.1	Salmonella enterica	28901	EpsG family protein [Salmonella enterica]	MNILFFLLLSVGLLFSLAYTKKNKNINDSIMFMLVVLMILMSGLRVNDSDYLEYNKMYNEVPSLYNFTLSAIKDIHGEIGYLFLSSFFKTFDLPFQVFLFFIASLSLMLTYFSFKKASIIPILSLVFYLSHAFIVRDMIQIRAGLAVSMSLYTIVTYKKSRNVIAGILLASLIHSGAIIIAICYPFIRKRYLSLKKIFSLFLVALIFSYLHGLDFILNTLIHYNLLPDAVANYIGWEEYDYRINIFTNPVFIKGIMIVFLMKKYIKININNEKDKVVILYNLYVLGVLAMVGLSEMAILSGRLSSFLTLGESILIVYGLFYKRNISIGFVFFLLLTFIQMGYDLLISNVHPKLSLFIFG
45146	WP_048827300.1	Escherichia coli	562	O75 family O-antigen polymerase [Escherichia coli]	MNLLLFSVLAFGLILALAHNNKSGDINAYLMFFLVVLMVLISGLRMNDSDYIEYRKMYNEVPILCDFSLASIRDIHGEVGYLFLSSIFKTLCLPFQLFLFFIAFLSLLLTYFSFRKISLIPILSLVFYLSHAFIVRDLIQIRAGLAVSISLYSIIKFKGNKSIITGVLFASLIHSGALIIALCYPFFKKKYITLKMMLFLFLVSIIFSYLNGLNLSIQLLSQYSLLPTAISNYVGWEEYDYRVSIFTNPVFIKGVFLIVLMHKYVLSDIKNEKIIVLYNLYVLGVLAMVALSRMAILSGRLSSFLTLGESILIVYALFYKRNTPLAFLIFSFLTIVQLGYDLFISNVHPELTLIIFG
45193	WP_001515519.1	Enterobacteriaceae	543	MULTISPECIES: O75 family O-antigen polymerase [Enterobacteriaceae]	MNLLLFSVLAFGLILALAHNNKSGDINAYLMFFLVVLMVLISGLRMNDSDYIEYKKMYNEVPILCDFSLASIRDIHGEVGYLFLSSIFKTLCLPFQVFLFFIAFLSLLLTYFSFRKISLIPILSLVFYLSHAFIVRDLIQIRAGLAVSISLYSIIKFKGNKSIITGVLFASLIHSGALIIALCYPFFKKKYITLKMMLFLFLVSVIFSYLNGLNLSIQLLSQYSLLPTAISNYVGWEEYDYRVSIFTNPVFIKGVFLIVLMHKYVLSDIKNEKIIVLYNLYVLGVLAMVALSGMAILSGRLSSFLTLGESILIVYALFYKRNTSLAFLIFSFLTIVQLGYDLFISNVHPELTLIIFG
45195	ADC54967.1	Escherichia coli	562	Wzy [Escherichia coli]	MNLLLFSVLAFGLILALAHNNKSGDINAYLMFFLVVLMVLISGLRMNDSDYIEYKKMYNEVPILCDFSLASIRDIHGEVGYLFLSSIFKTLCLPFQVFLFFIAFLSLLLTYFSFRKISLIPILSLVFYLSHAFIVRDLIQIRAGLAVSISLYSIIKFKGNKSIITGVLFASLIHSGALIIALCYPFFKKKYITLKMMLFLFLVSVIFSYLNGLNLSIQLLSQYSLLPTAISNYVGWEEYDYRVSIFTNPVFIKGVFLIVLMHKYVLSDIKNEKIIVLYNLYVLGVLAMVALSGMAILSGRLSSFLTLGESILIVYALFYKRNTSLAFLIFSFLTIVQLGYDLFISNVHPELTLIIFG
